average_consumption,daily_consumption_variance,refill_frequency,current_quantity,threshold,product_type,scaled_threshold
408.44434408710475,13.254565543977371,24.49227500681923,637.1651421518383,122,Milk,19.147312357355396
94.98871211810129,25.66620013846402,13.342715278475547,228.5801361297467,131,Milk,57.310316730952394
75.38521056219511,37.48994475200711,28.463817725393753,100.7008892569129,956,Butter,949.3461349293623
142.6222264441575,32.52439222197264,5.176657630492935,120.75618253727419,27,Egg,22.35910363567996
229.93743727186495,7.099954844612695,29.34388797103648,309.49420638727383,958,Milk,309.537296734157
328.27370419988927,22.210789607022324,29.580772145169703,520.0866039231819,485,Milk,93.25369973798358
356.1383923645009,25.272466338629435,5.331624028996663,947.9815801163675,14,Milk,1.476821943975057
223.43742614296224,5.718481349909639,10.772345640553725,316.9229194234106,956,Butter,301.65063534669116
324.4984960021794,42.4937710281274,9.3341163376943,451.95454681591673,562,Milk,124.3487877175634
241.32014352106012,14.357374829068497,19.192508195499787,128.18196321000272,402,Butter,313.6166664426854
252.38936001639456,22.78176062008165,28.166471644844854,754.5447962707788,271,Butter,35.915693983892766
138.19228808861533,7.035228000974213,13.133258269081608,449.8095607205338,338,Butter,75.14291147092781
422.9318791183682,21.053899701211517,12.023362742184519,588.4264748424237,41,Milk,6.9677354355919325
170.32954711310595,8.354778965589688,29.67217341501293,795.0202923669917,12,Egg,1.509395434960878
416.95764280467534,36.80858047314277,23.225179201024684,794.1433120173511,773,Milk,97.33759490290977
211.30957784492267,10.214107678630837,26.577585646889837,660.9683141448021,930,Butter,140.70266003647788
59.53375254290354,18.9942044772048,13.129583050668677,756.6455605042577,8,Egg,1.0572982143275238
449.24573415934697,26.24967163228772,7.989856148457543,741.9203085006955,769,Butter,103.6499461180714
134.19157963542443,39.69352309795524,17.344889909109767,570.4595464437946,15,Egg,2.62945902010212
61.43860703484283,9.8551142146987,5.785729642168357,672.7693701374023,564,Butter,83.83259182635085
126.28560367470541,45.84049132667418,11.232305728721872,469.3446307320668,11,Egg,2.343693584571874
84.31972482374337,8.464095942295685,12.243786322844201,245.09915852860397,2,Egg,0.8159962735109074
413.65417080398765,33.503169042969056,26.78651475469294,823.304869209203,556,Butter,67.53269910015794
447.47611651349075,19.595525945237327,8.052198867516834,420.66805426927743,190,Butter,45.16625355116162
90.8198374076953,34.14605542436131,5.013009424882895,417.3119707007521,3,Egg,0.7188866389244447
124.09513391432378,29.034023871894888,17.120749283974583,723.1924296012432,234,Milk,32.35653339582438
125.73096897781875,14.84438988078816,18.95255005043353,463.4525539522367,830,Milk,179.09060871968774
88.0873120901517,16.109422827737056,22.407606820994708,741.0435309319978,5,Egg,0.6747241951780599
199.6610727573413,17.005145642387824,29.415373895816323,469.93331198640817,23,Egg,4.894311472148888
101.76068720400245,33.54581051156137,22.01763628886917,577.8411249854228,26,Egg,4.499506676797347
158.92487218017519,35.246099633264535,24.04049038321794,313.8737895931597,767,Butter,244.36573725833506
215.50240972366396,33.453762376711076,20.838242769022365,582.1972156672826,752,Butter,129.1658530414129
72.60763159481442,27.868944953332342,22.395320169772045,872.5229243323479,28,Egg,3.2090847379655405
149.10847140449675,37.0017289597108,25.237526153492887,413.79938856255643,711,Milk,171.8223901852175
153.6406607153699,22.403090583524182,28.418249718418362,223.7688497313939,28,Egg,12.512912335032532
67.02102818608836,46.61121282253532,26.933483834524527,332.14746494364005,28,Egg,8.429990578055786
491.97575449824603,28.248615107195644,11.520729370760225,996.6283297821319,254,Butter,25.485930151667045
185.06270857449957,33.48956557729706,13.475744776217518,414.2886171513948,16,Egg,3.8620419045095487
435.3459313451416,23.202865720498554,27.194252469023994,865.8356038907615,625,Milk,72.18460377368051
351.0447146214029,31.13089796464046,14.307069164043577,946.1200982120006,153,Butter,16.171308514547242
92.58814621061985,18.741373715497705,17.140343839655664,503.5817286876226,29,Egg,5.75874745804946
76.3887879016018,5.8133913626984395,17.347342879585867,260.94043829919593,24,Egg,9.19750122151686
374.4229659134582,18.862735633357516,18.563505763872485,557.932669154884,470,Milk,84.23955541300744
162.70781837251286,31.544188140224474,29.472321456875225,538.0679376635096,776,Milk,144.2197064128518
245.47746447969288,20.753528346260406,21.12758405076412,702.0316536967897,481,Milk,68.51542910738122
84.5277902362333,27.463702094813854,19.300104980229577,791.6986128756781,17,Egg,2.147281771563435
479.2678596511643,46.16889755992018,14.25396750638611,113.91095487598068,280,Butter,245.8060335854852
114.22762224759715,48.49946685696513,29.09049942723132,867.708509920624,29,Egg,3.3421361745838882
78.6366546725519,17.081368560057058,17.131996856907893,435.41818038464436,10,Egg,2.296642733467421
429.8959133268401,46.85075756648743,6.760403271238598,288.02684585382417,943,Milk,327.40003703633226
211.39105158327376,16.437364208138245,12.382264710473468,390.29568781474046,104,Butter,26.64646401355198
70.49319971630432,36.900994860955336,18.820499422697694,366.85912928301866,26,Egg,7.087189039240709
165.29312461750612,32.518116988955626,7.039854510006009,104.6663764965881,36,Milk,34.39499981273693
79.14109302680633,8.192341264996745,14.919595680347209,145.69167793545725,19,Egg,13.041239053075614
62.42754734316712,31.04892029784014,15.961853075452174,704.8235217656794,51,Milk,7.235853859167189
73.25624250916164,49.1828399739739,25.973337551734083,874.3641564805077,17,Egg,1.9442700016922505
420.17025229684623,21.20857886350683,8.17651281629712,570.0189340493239,53,Butter,9.297936758608424
118.58977424205928,42.89103837553916,9.859500849871825,470.2185145510107,3,Egg,0.6380012498794433
112.25889158801061,10.973544000933641,29.238421677853975,743.1355937619569,659,Milk,88.67829848708506
109.82313521671918,24.508433191133392,23.601066074977883,325.77447461199506,26,Egg,7.980981331016373
62.13094499257965,24.27415137230485,22.21249751913416,152.37423595759924,26,Egg,17.06325208891282
116.35283445966567,15.790431162083145,7.346832252032294,264.5793973965766,13,Egg,4.913458919295357
145.74058907650254,28.2513315841955,21.42778321250417,492.10560881010196,29,Egg,5.89304398909844
71.47225746124195,30.471674472233435,8.966161191062277,208.14818302507797,285,Milk,136.92168524270173
91.30957961604885,9.237064472085205,12.785332734782354,981.5594757593577,453,Butter,46.15104954791949
393.5139903517599,41.31108396728508,13.65760802723502,518.2064316456502,357,Butter,68.89146452047835
71.62651588866518,47.71155792161237,27.167009682451187,334.80426100754255,906,Milk,270.6058749890251
470.0463386357673,27.546794776186665,18.48443621000156,715.5673924583269,16,Butter,2.2359878564382467
474.9132187063253,44.02395200997517,20.910089936150282,820.8543652141598,908,Milk,110.61645505937024
308.01516875237,10.782515895525957,25.280104418400075,838.5755281695598,268,Butter,31.95895789911609
419.19207969707065,34.31681473360046,10.167108996918635,346.5650145890204,12,Milk,3.462553776303817
219.76658745258914,6.753340953960514,20.45634710844732,402.89879339985384,90,Milk,22.33811604163336
176.73129664541818,6.047237108112164,25.361712064723395,353.66929729605994,4,Egg,1.1310000700036908
363.5317244138678,33.302428105094776,26.936800338176322,761.5639394234972,277,Butter,36.37252050165198
92.30518588569598,12.984779470087528,23.76536879102146,826.1512653405376,17,Egg,2.0577345473159374
235.6779546101419,21.740813860675242,24.41032401854992,406.72318622771604,190,Milk,46.71481893181838
85.78952896855102,35.59301509551106,23.497719011184362,314.41253716358153,30,Egg,9.54160424728601
130.1491210295845,27.345253580738497,14.740452155480087,367.8716570583798,19,Egg,5.164844759155983
58.022794512105335,48.134367359743926,26.178578602389745,419.4146714164486,28,Egg,6.675970562841378
354.54645699093646,26.71344273391891,17.325641444295123,174.95597007573366,69,Butter,39.43849413662865
321.0984166555035,29.916637355561033,10.318197375605724,951.5750885935212,144,Milk,15.132804728299444
67.0196903026172,46.891809755928165,29.356205213360255,996.3381178272962,26,Egg,2.6095558861782706
160.5553335186513,29.5662096574245,22.645787096967364,971.7867495767214,9,Egg,0.926129112577436
426.6337434068182,44.00909173898786,25.962019094099627,483.482327542247,168,Butter,34.747909164336534
228.49322087941334,45.13536089495495,8.665120542300638,561.9935518231537,422,Butter,75.08982952402158
311.58743775205204,43.84123348950517,27.00899921596042,313.0166743138709,327,Milk,104.46727821026799
138.78331082319266,20.75982110151411,22.704529889579995,533.5002891677038,12,Egg,2.2492958754944263
367.28796393349694,16.19258694936296,13.256313225477463,491.0066600394442,173,Butter,35.23373796724108
110.78031301721256,30.716286134225477,23.524346522766706,790.4753677977145,9,Egg,1.1385554018051494
385.7201956694405,31.251594429372183,29.054313711863546,437.38352157133363,369,Milk,84.36531826218312
180.28986922841904,15.061812733375369,29.080563486015283,110.9390272208347,13,Egg,11.718148541290399
98.40295824163755,6.953035248417774,28.1160832555899,927.2041437507935,4,Egg,0.4314044568242447
362.9350053979914,8.394554619039617,9.155385797731324,295.12819592784206,143,Milk,48.45352018990523
498.1241187632168,36.36162751387167,14.605045784480499,763.3906352587173,971,Milk,127.19569184535814
477.6851678344514,45.06187027509124,16.391418819642823,658.1193380213831,8,Butter,1.2155850068244112
134.65452187569258,25.8664282222992,13.83380570065132,625.2905006657849,732,Butter,117.06558779009038
196.15922114992497,49.37948350158213,22.45404285049363,582.4867297097084,1,Egg,0.1716777308383259
172.0692529560423,35.812902764924566,9.065423483622283,919.8344660444582,29,Egg,3.1527411801286376
477.4099609813658,37.6573778774762,20.33537989839475,476.418732661557,824,Butter,172.95709499008328
439.72875027518376,7.034840154778523,5.6591743624313,438.8170301902446,65,Butter,14.812551821842447
494.274258191725,11.768760099658769,19.853267883803376,442.80177096791937,854,Butter,192.8628239524073
428.9535154110689,42.724791712001206,16.717328994874258,473.33755210389864,385,Milk,81.33730321812533
58.456324497639066,43.912506931477395,25.32252522825194,999.7459059575175,6,Egg,0.6001524951736047
299.9442675211824,39.60443368312297,28.619143247060702,864.6826516096703,145,Milk,16.76915799456273
117.58162029651403,10.812173681817274,28.85127568146806,645.557171005792,30,Egg,4.647148439736073
150.7551026608785,32.81577082060531,13.954067950821013,202.2018329796661,26,Egg,12.858439321177974
284.138465406707,39.754327628103766,18.004087527799832,866.9633502866861,54,Butter,6.228636998570165
63.261233504846984,40.63180277613348,19.748897428440902,532.0413703166275,23,Egg,4.322972100141814
403.1007187749393,33.77126106384091,25.126116687984048,912.8359528089636,704,Milk,77.12229101337024
207.76440146296864,31.54629590845849,14.806101127493308,493.72742982135617,447,Butter,90.5357841191316
206.71496016048516,28.129527012191485,24.591325318528575,456.88850408914317,759,Butter,166.12368076827605
438.06366893603536,47.72842806459389,8.676837023225948,933.9288626453449,330,Butter,35.33459701259024
88.73665824484375,25.661109030721757,29.500814382136927,543.3562845935826,13,Egg,2.39253697226005
335.0303844425266,15.806552845018688,6.896583202716598,215.9917497195843,183,Butter,84.72545837402747
230.1352200096266,36.39504081636193,9.501681808732464,726.851319604371,281,Milk,38.65990092072059
443.4429221844877,28.185622468889488,29.327758731752606,641.7418559868642,51,Milk,7.947120719058088
419.8057865800021,20.5287182520074,13.690480362067088,128.6242133366486,838,Milk,651.5103014132336
130.16352555987845,21.019616792239376,27.355431572398142,215.87355846967952,26,Egg,12.044087374254234
98.23741470200434,9.153076380293573,17.028634851407332,719.0062453864747,24,Egg,3.337940407888906
120.63995722228718,21.977868435893267,5.064875609591164,881.4709963320281,8,Butter,0.9075738207257588
139.59171233831458,49.38156481400668,18.414766149683313,931.6375831966898,14,Egg,1.5027302732852805
391.97993402191355,28.906958928809033,23.01290153478662,156.1072262601173,699,Butter,447.769149927291
371.0073136480486,45.28430769592397,17.791936052891653,578.9021367387841,274,Milk,47.33097057536618
209.36600185690645,22.872372462683714,7.621729163312023,763.6646854844372,28,Butter,3.666530681884021
303.7842914084764,42.8319493645069,7.230108217801405,581.8020076139712,537,Butter,92.29944087032138
101.43902964173904,26.328647364375026,13.87760758198262,683.9405562624185,18,Egg,2.6318076673747726
312.88976812137616,38.15701139277108,18.943556648760936,627.8818911946831,748,Milk,119.13068532312117
220.44768167808022,20.185107524236315,27.49118492862531,646.7997000642156,443,Milk,68.4910645376023
493.93186195684086,32.25986687105993,10.930669793399861,191.60422535836335,710,Milk,370.555502454116
160.68097777302864,12.230661796680005,9.664175601282643,356.5856518244624,607,Butter,170.22558167842658
429.0413158841817,7.323596504353078,5.456062035709026,727.2653161297794,920,Milk,126.50128908881273
453.47461833830937,30.9199288012547,27.93489032713829,104.77000575784487,118,Milk,112.62765440018552
123.61231688881767,37.53032434797991,25.521536828833813,746.6115437528982,11,Egg,1.4733230542763491
175.99059214712787,39.62718199363716,9.676093713938084,391.31131276381933,787,Butter,201.1186424541228
160.43707755477323,28.84280104315025,22.680752391111113,791.0015512985549,6,Egg,0.7585320142735555
125.91559345390205,46.94064540156204,13.016054803987856,634.4947878021089,6,Egg,0.9456342455994021
254.42058749859484,29.687140307216893,18.72304949722443,281.55741609721224,168,Butter,59.6681139956176
89.54065005919557,11.247114804890916,5.067772485358242,205.0264577275132,911,Butter,444.33289737207895
235.32841136627084,20.69907199443479,28.238228606195648,847.5574670089562,236,Butter,27.844719583776158
105.93375056849513,37.889036384163994,28.458511420525944,263.1097595490941,547,Butter,207.89802740020912
161.16809739350884,30.851290093096036,26.0457194189568,225.79513896366055,9,Egg,3.985913975521173
80.24409800716168,12.364517428956702,9.106644948274823,833.117248208244,27,Egg,3.2408403568726913
285.37944114610366,21.147371785557613,26.930013520327705,453.20059668037186,296,Butter,65.31324145823213
371.2021046848967,45.48503503814779,20.60253860454594,585.8029557231698,575,Milk,98.15587210381456
309.86882190775657,20.991310331827812,14.787052755037548,578.6717317193566,821,Milk,141.876638342197
294.282189776034,24.41876644113992,13.320394647812106,757.4942231283713,554,Milk,73.13587128256086
445.3831019180472,27.294063188178455,23.536522778476137,615.8357643316498,157,Milk,25.49381005346254
388.5814040174702,36.814120755955656,24.464298476268777,228.81518699362266,196,Butter,85.65864992408163
371.3288370006264,27.22916692088882,23.865882296502914,192.6244276697305,909,Butter,471.902764875985
220.46970450061207,25.565009867675524,20.098946801812815,552.0595127162771,648,Milk,117.3786494161962
122.95362229934116,23.402982968847194,24.29704951495613,110.98276508624006,19,Egg,17.119775295953293
304.47875629533826,37.22805836298285,19.975734119433163,844.1189450281705,254,Milk,30.090546065344302
204.13591573034452,15.230794236349416,15.589921560512073,359.1366548281535,363,Butter,101.07573123486799
313.80342440755874,27.76499054980097,20.286355885866193,116.29916543875646,828,Butter,711.9569576241091
469.4532271176256,30.430993261514402,22.416270596922306,930.2494430595661,840,Milk,90.2983609683508
118.6425693114176,30.93297620750659,20.1678761595714,481.7176041721474,29,Milk,6.020124601806438
470.4651566460567,46.650583080804935,16.270984285103303,201.91424125667973,405,Butter,200.58020547701304
427.50413890067034,10.609820654147008,28.02104706543431,882.9067258559154,567,Butter,64.21969426615634
316.07394608521815,22.955121674155862,6.369040970550783,401.6775174813108,436,Milk,108.54478556178742
50.69480345069043,20.007462726101487,14.954217339773583,583.6560426441306,11,Egg,1.8846716552726535
205.85569746468255,20.612894085330247,23.43753120274371,506.99614680082647,939,Butter,185.2085081760762
253.59778225971203,11.338565917090992,9.409674662655583,548.5309954655318,710,Milk,129.43662361275162
187.226885160215,21.30772546024849,19.514708756951087,669.0378591275773,28,Egg,4.1851144323150695
348.5918174075198,13.011618509138815,29.026757936736377,233.79645497780166,630,Butter,269.4651636440839
88.40735063538973,49.85934133306763,17.554875258281065,635.8465155880394,141,Butter,22.17516280160807
387.48221167963,14.445751689301359,27.451357236017845,284.62567643380646,285,Butter,100.13151433520812
55.48245017721423,26.243012529949965,19.121028331565412,159.13777548551712,14,Egg,8.797408382319707
253.97997563661244,28.597562119741102,16.019068673455706,460.6867547877934,678,Milk,147.17158523741534
119.85811066882063,13.1867658722872,26.544640525337933,951.5039159202695,800,Milk,84.07742591645155
171.8351029145992,33.97997944575571,15.21835427745241,122.84772009431038,476,Butter,387.47157833663834
440.14719200518556,23.35930229141801,18.793064881483495,328.49970763897386,983,Butter,299.2392313116856
277.4785455977152,31.77720408651893,13.481781147404774,612.4991659871503,51,Milk,8.326541950110988
133.50823771750493,37.4365893339728,25.132874183947628,989.8559037598985,24,Egg,2.4245953283541244
423.5989390551462,22.873258832830466,21.702128414266156,284.48586587423887,735,Butter,258.36081442616114
453.3511183345039,5.5850865579831215,7.137713271361702,287.0976296314246,147,Milk,51.20209462847824
181.4666113812941,33.93165036264139,22.598653378462735,919.5616031862735,5,Egg,0.5437373616596257
166.7405450440816,22.08615836752701,19.757373562870193,341.2572767405886,261,Milk,76.48188560046522
111.41174782868606,29.84212313833911,15.903163228382917,365.0191835877259,20,Egg,5.479164082123742
393.62260737189234,11.305092909490366,26.71169939744782,538.6880784245623,727,Butter,134.95750678689075
122.71675507255192,28.06059451468647,23.542173605716638,728.961267844814,25,Egg,3.4295374943462926
148.11039837233892,34.027437549619826,15.542598363832045,219.04859001279735,29,Milk,13.239071750384586
153.68327864144817,35.74327354004666,25.564596897791848,576.695510789573,10,Egg,1.7340173129332443
91.10828310308091,29.938010113210705,21.285509708796607,846.7676233364815,23,Egg,2.716211551567608
51.649374298772074,11.159853353096327,27.50046604620263,886.5010698062637,8,Egg,0.9024241788843327
320.232587195144,34.9266503545815,9.38428196558624,922.9707513324638,922,Butter,99.89482317494219
107.47077923742461,28.35129673772769,6.174149169376376,249.65503188047145,11,Egg,4.406079828291433
62.419800188768974,32.14184492598747,11.133727742033024,450.36605263777886,8,Egg,1.7763328193020473
210.0527224092271,37.357065733291044,12.428042890579375,609.7641762672074,98,Milk,16.071787063636055
348.65202441319167,47.15733826961411,23.31430243025626,293.44634073168106,548,Milk,186.74623736442348
168.01881993492128,31.77850688151147,6.285645337106258,546.7296224811128,365,Milk,66.76060432642997
200.40975086763237,39.69104916856199,7.664956328344295,167.62400356222787,17,Milk,10.141745596530278
124.32369743092977,35.978107839248125,15.870683465093656,321.76182991519613,3,Egg,0.9323666516909986
409.73714553604066,36.26134118844921,11.803628430749068,631.2076001821783,275,Butter,43.567282764122275
63.73731099899512,46.279110895800926,8.420465772974035,955.2136184387222,23,Egg,2.407838367881841
77.76993932579295,29.385542632026116,26.823645896910207,759.0023977686051,21,Egg,2.7667896783643906
148.8175050066076,36.15244540330336,26.229891289132983,324.70120797326734,25,Egg,7.699386200638418
361.9288451556161,7.32181129964195,21.74793661375098,139.74889393909015,16,Milk,11.449106714915134
499.7090748046257,30.011296164673084,16.830252952033334,381.56937085502875,335,Milk,87.79530685320074
159.65355071874222,13.666956250353369,7.882050531182109,479.5863937574613,29,Egg,6.046877137775102
385.27904665409915,7.469717659091372,16.3785921259039,570.1911184640521,615,Butter,107.85857234266493
147.52510256648424,21.411376225578763,19.01692985008785,532.9556954596778,3,Egg,0.5628985721622657
129.53976989523503,24.846447278667274,15.112136242046269,615.1849834901191,24,Egg,3.9012655776870866
130.76022355711814,34.77448287862437,23.446394172663126,568.1512988908587,13,Egg,2.2881229041240454
444.49942003810224,23.787773781255147,16.54857126438969,991.3071820075994,251,Butter,25.32010304733935
133.4628093095251,22.27837504638766,28.31474773563132,163.02673517272393,814,Milk,499.3046073931257
165.07824333966903,23.0868911124159,16.99689050759772,664.7549168965331,24,Egg,3.610353137671567
229.22932278903602,9.126470080014357,13.409261595710552,570.2672724710708,577,Milk,101.18062667348156
51.50586291934065,26.028984494194365,12.425071911372054,867.5396395227112,146,Butter,16.829202188423793
315.09884051190267,17.476954056354813,27.758477551438357,140.59060949829086,399,Butter,283.8027386209252
108.7445210810534,10.599690078358535,28.910392438985625,818.1903899290451,5,Egg,0.611104708823775
314.8494030379604,49.20487317860367,27.104974453287575,640.7186017979782,62,Milk,9.676634926162002
198.37773647200385,38.450877030213086,6.624660237072351,461.4222127829387,29,Egg,6.284916329687431
153.75613811225855,42.37891329877811,8.008469050874899,142.25082143303172,825,Milk,579.9615015849945
66.52937184197613,48.07716183424965,25.655142394849147,820.6927184168876,54,Butter,6.5798073734790465
147.3458103664491,28.32171650043765,19.931851810758523,572.5283507742413,891,Milk,155.6254810430057
281.8615659416266,27.103385339088195,29.908394395168106,907.6925332415835,739,Butter,81.41523400670239
330.3218223208034,38.654222184150285,5.871629005845623,905.4292971050559,357,Butter,39.42881030484015
255.8444439981683,22.602639473617092,11.823984371407875,529.0091454973315,195,Butter,36.861366511287216
177.82903000205118,6.594006578834528,13.226284134246775,938.4305394870909,11,Egg,1.172169866297421
176.62593225988707,16.36920922823983,5.1270534954506495,726.1428635647751,176,Milk,24.23765471383718
289.67113373034294,48.295488766642244,7.736721501361347,905.0319378712607,973,Butter,107.51001807611432
59.227553935885254,44.73078211118576,17.901975511090416,915.862347500122,3,Egg,0.32756014134532374
294.70050859882963,43.90217961383068,23.347747973842544,569.1342809623734,336,Butter,59.03703418318842
73.60109895537889,12.218004739853244,13.350221968630947,314.8210281709157,21,Egg,6.670456583541536
97.6253422228628,36.45458321178144,9.730538494625147,893.4734194933152,557,Butter,62.34097040244043
259.4615039464926,44.55821661026592,5.128629268867869,837.9522256672901,437,Butter,52.150944482783835
458.9155891712155,5.050405016604927,18.904543375993924,780.9722234064412,524,Butter,67.09585620272371
136.90978906428188,8.78442010105931,13.160839412582325,603.8598810779465,360,Milk,59.616479133762994
219.51291289405944,5.408258209372623,25.466985512496045,215.60384628387223,467,Milk,216.60095960678274
58.29247343219786,24.450835275163055,26.00303756853047,452.93609030067694,335,Butter,73.96186949412967
389.1644753227336,40.49631418418349,9.343836882689171,793.7686976868908,324,Butter,40.817936124738026
124.86991411952255,39.6942931639461,22.714300115065733,526.2164995915797,22,Milk,4.180788709034245
83.6124879910343,43.35865966393914,29.753709318766177,708.447031468079,716,Butter,101.06613030987926
108.53880805878438,39.12184381680601,5.614672911470038,119.91119637609754,646,Milk,538.7320112909575
269.8894356820996,39.66833380135069,22.08238441516263,501.3124357390735,430,Milk,85.77485203734489
498.70602507097004,24.178158600618783,16.284675608241887,247.26143907250227,887,Butter,358.7296115913622
154.0523338672233,14.934632575494218,7.059526140396067,712.4493718672418,22,Egg,3.0879387179948967
172.9667871491942,47.788860301268464,8.776447294522505,489.1013209383417,21,Milk,4.293588894773676
238.87729261675503,33.73366764488385,14.939859949069858,346.793682113803,387,Milk,111.59372847888358
234.20030284176937,45.23446416556105,10.748865147277154,291.794233622575,832,Milk,285.13243379448033
147.75002380638276,21.58368546756925,26.608956245990925,525.8889160224014,8,Egg,1.521233811221688
141.66556217432338,9.102402068278625,8.841450954027817,508.3242711447544,562,Butter,110.55934801900507
331.7991447341369,10.90601949570744,5.813154487281298,928.7630630341182,899,Milk,96.79540840729743
257.9437808445473,5.055432582489165,19.95818162806067,646.575803436404,852,Butter,131.77109249554542
80.07870900505051,27.12175460336466,6.605223426878352,623.774261722959,21,Egg,3.3666025177112666
408.9015952867347,18.966288151560818,16.38050372704503,110.45848591729057,274,Butter,248.05699419523685
226.62210038300816,26.597247562270557,20.000513702982595,362.4963208383729,301,Butter,83.03532551829886
179.01835957838068,40.09329450020074,5.990470633708929,532.456252532046,24,Egg,4.507412559411264
86.30675237937912,49.39981669702159,8.56238857253783,548.9993381062204,22,Egg,4.007290805830341
133.9473025230371,5.439688133863265,13.161532706099797,565.9404790462403,1,Egg,0.17669702681194763
102.59403968137711,6.494139895611495,6.964462428875518,457.23094858143645,2,Egg,0.43741570998311025
305.3933817177012,36.02592361117696,25.014667477727073,280.1352198203291,887,Butter,316.6328034614487
192.73249615329905,10.58989850276267,27.405532567125956,635.2989736392425,9,Egg,1.4166558381866192
325.8248786895227,18.44761488517912,28.380045382486493,952.6154163679348,860,Milk,90.27777476864144
402.5402266737266,32.55160936465211,17.109961189351015,694.7381064693257,208,Butter,29.939339452252096
417.78399648312217,25.354322803323505,21.089442379913123,573.7623948425019,874,Butter,152.32786391305996
86.7334919137653,7.715843779575371,11.177580850253662,243.5902121018695,301,Butter,123.56818338584216
148.64629431111996,48.91393651186091,13.422394794277672,263.9061241198293,631,Milk,239.1001732545956
148.80616632513141,27.418807240391253,18.88408877344078,747.2816004450375,22,Egg,2.9440039721168136
199.45008740851128,48.86569229660524,21.258142158673422,279.5882058362306,3,Egg,1.0730066352502925
60.829761346876374,6.379362599261273,11.442072212780342,516.3606610653846,30,Egg,5.809892631654452
159.0753604649462,38.42179345399914,15.637333361201884,411.34149329226665,12,Egg,2.917284104736244
494.442303681226,6.804913613561712,26.675787403061214,620.8078677151541,420,Butter,67.65378176436208
376.3659471868114,26.90010236411163,26.835580952041514,910.6316776101327,774,Butter,84.99594501602341
174.5725087557732,31.6557647867013,27.809083640417274,289.5959701050999,237,Milk,81.83815538385709
334.20209904163426,37.99008600868764,8.289192128181496,744.2424682138798,752,Butter,101.04233930707255
130.85739899160887,15.689449621574493,29.28487735104099,262.8792574385408,837,Butter,318.3971257966918
271.5250354016157,16.125398348142966,26.768747531812785,500.77472950239894,504,Butter,100.64405616090211
211.65501622989456,31.682788314571734,9.088096814625569,451.9733829865846,28,Milk,6.195055074920439
436.0938142652176,5.406368185829761,19.710315833515136,638.8425820900968,676,Butter,105.81636524421016
85.55417856625043,15.5603317217698,27.092741741518815,497.8219364045718,16,Egg,3.2140005953849857
251.94990822413138,35.12256806567126,8.643914206118792,504.49045169236393,776,Butter,153.81857028152464
476.86250968314516,16.363750193393866,13.981268697906138,441.4227309301814,107,Milk,24.23980291511628
103.50980795600026,29.008036638486303,24.544758246125735,734.8470347009833,24,Egg,3.265985826528625
440.72207623096637,14.26285445165457,7.797990484943197,342.77465036529065,642,Milk,187.29506377318995
129.67542920015478,47.14725615327327,5.983588516712741,209.8989226090241,6,Egg,2.85851872197368
190.08125262918574,19.227024723953775,17.68087021720981,137.41557314535288,10,Egg,7.277195568963924
121.98456223881098,35.86854811923428,5.434494754636991,390.8175913632507,29,Egg,7.42034152015577
137.0168344543202,16.440106095387197,18.04325116590533,408.3881393088238,6,Egg,1.4691905622319728
63.48811544270508,18.856847371603592,22.617019068416166,281.66810691065353,375,Milk,133.13541391427458
134.75708769452064,37.88732636918944,8.904096119804349,311.10516400134577,495,Butter,159.1101843612788
164.88793612779432,34.7734557667016,29.46578218501326,436.8670904258134,414,Butter,94.76566421986035
159.86628069006844,42.38947361037675,26.61522089887592,791.6674280714121,987,Butter,124.6735643026819
153.42901265473415,35.443102359976095,10.391878809942929,692.9969232093915,21,Egg,3.030316484342424
136.5777855067622,20.685815025888672,8.98218613107013,644.4585304214868,9,Egg,1.3965211996051705
111.03619410843059,44.18390526517666,24.559637101456836,610.314634888001,9,Egg,1.4746492195212708
445.3320025856066,23.186314474296484,13.175829039080968,700.8340470072262,454,Milk,64.7799578143667
393.0283106494771,40.901614198638555,15.889582870323325,836.0507945575195,344,Butter,41.14582537799779
295.0200940823823,5.259139722415471,13.114645747506758,429.8153813842581,711,Butter,165.41985950111004
362.960243010438,22.48511455716556,16.217340565563266,313.7897177868947,497,Milk,158.38632428916287
152.27133226841818,8.293816569579963,20.086214834534445,701.3915186995147,842,Milk,120.04707464401547
258.57231971025755,22.09036010806534,26.58334123929563,567.1736066225963,454,Butter,80.04603787956175
172.06494324793795,9.901325383102915,8.724796399254867,573.9614175420636,15,Egg,2.6134160836517735
227.4643957182576,29.723640729370402,23.671892903395566,743.941816389347,427,Milk,57.39696177752249
173.35901282255873,24.3887941192115,27.41785724600306,164.15224304964752,15,Egg,9.137858686136429
148.20396221470224,22.103352902174237,9.928853164321934,531.2649064992399,19,Egg,3.5763702378160342
124.84922348441397,32.78082908358384,18.077118114544618,703.0864311498475,669,Butter,95.15188607834436
289.5170960025681,31.141942396825897,7.240658478873553,745.8722073177665,2,Milk,0.26814244858274133
196.50878579938683,42.04283070180471,18.062026012902958,210.90038875494946,12,Egg,5.689889938488025
409.90149294080976,13.306330829166484,12.381957230507751,814.0665323330536,445,Butter,54.66383671671938
462.9886201271198,24.103734133836284,7.1759740646914665,834.1737791538528,172,Butter,20.619204810593406
144.97270633910335,47.813150399299566,20.040295503658278,837.2699734841112,22,Egg,2.627587360914417
169.06157755707744,34.097266104028705,9.36933607068443,424.69526719953984,10,Egg,2.3546294890311494
85.5305838461723,40.123648185973785,11.870150888703403,840.3528866623105,28,Egg,3.3319335774771472
350.3974546811617,9.29908912256007,20.596483116914325,506.5909108635062,242,Milk,47.770300416069546
75.20213116172951,38.15931852248819,26.569926938580714,295.0658200816981,17,Egg,5.761426381169132
60.63736372085138,33.888717519946965,20.17735090221952,592.027671442663,650,Butter,109.79216535876932
108.6358993858272,31.751435083377785,17.419171471479235,989.0069681933986,3,Egg,0.3033345665379938
362.8150493214172,23.194344564693147,15.704990373140369,745.8379890923586,753,Milk,100.96026362459186
496.0651971659847,10.777743025435635,7.602741234604158,751.904935415867,554,Milk,73.67952701275875
397.6802273522221,16.920295125653006,21.132245938142923,636.175655370061,73,Milk,11.47481821786094
83.9984603340482,20.97483376243718,6.735596068652335,567.1538118174433,2,Egg,0.35263802487565127
60.48974085641512,33.807570072267474,11.77868591250462,633.5307924880805,3,Egg,0.47353657242421143
153.87313511930543,25.55863901961659,9.758121570476696,147.10498820785747,172,Butter,116.9232954609032
213.32492233069638,49.79662208169157,16.158808779941054,400.2125945249804,662,Butter,165.41208574051493
480.9313780274211,12.888632406094683,22.250122270516645,280.8403197931508,208,Butter,74.06343937836265
93.50440234102382,25.26669213161833,23.904083222381153,412.81437181508386,908,Butter,219.9535825285486
467.2300187657537,15.558893683495409,14.982897895232703,237.1744119973757,517,Milk,217.98304279372286
176.30499415646318,28.4431089772419,20.589642200068994,180.21198890441497,7,Egg,3.884314269298045
141.2729618989687,27.807729431921718,8.982600515474507,156.79812977123515,4,Egg,2.551050835769475
84.10359501441482,20.375352585361437,14.522738137774681,411.6895917301032,25,Egg,6.072536324015104
126.45863701275472,42.13787487048036,11.99258846178698,948.1483171920098,18,Egg,1.898437161530585
122.79389510844932,40.382418054069255,19.364684557944166,609.9178259542767,244,Milk,40.005389188000514
275.51884963190435,22.873044984314497,18.49331546899857,665.1550474953723,158,Butter,23.753860185673364
440.6255105483527,41.26664300529295,24.750760907676536,374.2112251882367,73,Butter,19.50769915126927
231.34108044432264,12.80860317439289,22.373777222561543,411.489753884007,788,Milk,191.49930042295193
338.4374348053994,42.011625363546244,8.313116818546211,875.8130340453603,164,Butter,18.725457788917318
269.1778634685212,32.281382198793985,24.120245022574885,257.35476453437127,899,Milk,349.3232393138512
229.3983624975409,11.58682964730121,14.188360557288286,161.35507844694422,994,Milk,616.0326712783577
84.88270375480701,8.598442746168587,24.418090761792318,209.8315469119555,28,Egg,13.344037353805856
190.4673760825491,44.42473366691191,11.943815593731529,866.3037737961388,29,Egg,3.347555543123418
328.8145797040233,34.259049157916905,8.800621328216202,155.21466439960136,467,Milk,300.8736331753454
256.9101906961941,7.6173707977464105,29.87165792924418,152.00250489673,56,Butter,36.84149813060398
492.6555163685361,15.763104689716652,8.556234217179904,209.24644548018603,190,Milk,90.80202034686008
95.47061495479102,36.147260376235934,6.557294953251567,558.4799153348108,615,Butter,110.12034329494288
84.89683078440214,14.936118340353762,9.343814891557363,690.1513053054907,6,Egg,0.8693745782809381
375.94286135449755,40.644213519224444,15.119960727129996,688.6682158347983,483,Milk,70.13536981876115
286.477079885888,26.673568094068806,9.42217862859636,448.37088430206774,645,Milk,143.85412224168041
161.86111597172393,11.021168132576992,15.464515540598383,811.3039622741333,661,Butter,81.4737793400118
356.43867225721004,13.536268167860474,20.47370482519304,391.1503554203264,986,Butter,252.07697918117802
333.1844627048313,13.948532499888316,6.615416996102153,138.36988835832946,465,Butter,336.0557745019011
169.63301149444106,34.07405555581286,17.483345874465456,339.41735020484265,629,Milk,185.31757425493734
107.23989320935232,43.909717646318796,11.08694921012168,686.5395831198715,227,Butter,33.06437175383743
142.11219667771041,43.68043542411256,14.809843038211863,960.5999715840535,17,Egg,1.769727306150819
65.32242944863071,34.64114657933496,28.570778535331545,827.9951154726953,16,Egg,1.932378549221965
91.90515709020745,46.86434981770206,11.326460820019614,803.0533814082273,28,Egg,3.4866922483906917
272.9534465574418,22.385700943174196,16.253110810493993,304.26822492882775,913,Milk,300.06419507444866
283.2836098753418,11.757605036766876,23.43584421803714,560.999728731407,101,Milk,18.00357376792179
55.70327723561824,38.57932658668274,21.47588835509202,821.9175023148288,3,Egg,0.36500013584707364
193.475209744922,38.18787617565531,13.831285212551604,366.8820231588897,11,Egg,2.998239026619221
474.0419253529368,40.27292045454532,13.87103400642226,470.91783723649445,773,Milk,164.14753039218604
423.74050538217796,8.092077463322049,15.607422147122204,174.35589711334183,368,Butter,211.06254855307697
94.31671662161304,39.615041652716016,20.616589221356595,443.7456756876063,18,Egg,4.056377557281677
104.62388817173289,32.675583561748994,24.3658445159447,679.5138281870176,378,Milk,55.628007013268
68.87805054423632,48.58199499174727,24.967854791364363,363.53983303086824,488,Milk,134.23563407935103
320.84671533634497,31.209019619326092,23.7018294857383,830.5928092811238,892,Butter,107.39317629922947
107.64308586479001,20.222037769752426,28.202091008151243,302.15405065946675,665,Butter,220.08640908457235
297.5413732061702,22.489375938343116,9.092095036632537,346.4121767626959,980,Milk,282.8999861258726
151.39734133795332,27.322152740594895,5.317872249672338,993.1738604405232,26,Egg,2.617869945597206
437.6164983635462,43.09314524106251,27.97316334098886,327.01691815602544,397,Butter,121.40044687552967
257.242773773363,42.88993488005277,23.21226692904033,798.8027018497522,236,Butter,29.54421654477447
194.02692463444257,38.893430116103126,11.733282457550626,585.6005984459546,781,Milk,133.36735004584853
98.57467159090896,35.8384107252143,7.296772192751117,968.6167679142969,463,Butter,47.80012233289835
117.80424846944483,20.407263621509593,15.335411232381537,782.3665099688836,353,Milk,45.119518218390965
183.89680309346926,30.425989678655725,22.222132551252265,885.9906242747269,367,Milk,41.422560233120606
164.1682305564737,12.203223572955785,16.538936860494747,108.39845784438397,1,Egg,0.9225223493821219
182.2176169512532,17.505594376199053,9.848846681694372,891.8348373477448,2,Egg,0.22425677000327346
189.91801850339937,38.405662275762914,25.377959612009196,653.4804163070191,66,Milk,10.0997670860563
106.28898566639995,29.24130503043676,18.103979268154056,863.2430120176947,26,Egg,3.011898114208778
424.7062112061694,5.496422641810961,23.738637111722205,782.8087510999044,20,Butter,2.554902455024745
390.3190960511537,42.888666717351896,16.75797635254464,551.8451921396024,698,Milk,126.48474788621955
251.87478392954415,37.493192219123166,27.154894511626864,633.7399007681057,805,Milk,127.02372046076373
235.6798283818807,36.30281659235631,5.080456590106967,657.6304037138566,772,Butter,117.39116616875685
108.15103921255913,23.10472061089502,26.856561765255943,559.0987412489427,3,Egg,0.5365778490751831
136.9975681142197,30.266806458178568,19.016502360404274,643.1388999368094,2,Egg,0.3109748143358312
412.2450498563464,17.141932405769644,25.62623525450155,548.4301140371083,878,Butter,160.0933241132328
76.34791815979064,20.040724341322736,24.62242442778669,736.9128412668242,927,Milk,125.79506667388203
248.08954907997074,11.635363701782778,13.20481884023279,490.61742955648776,146,Milk,29.758420961925925
149.27537872004507,31.920138232868247,23.391577855979747,998.5127602536546,118,Milk,11.817575568090305
76.02201113989358,33.68989690116034,17.404159602830486,260.4272202141774,15,Egg,5.759766581874153
496.00689431958665,38.6248814483917,23.499659667140296,955.2814776375325,837,Butter,87.61815439674916
134.83249473821604,49.08410217652475,9.132352774254365,730.226763500069,30,Egg,4.10831285561299
313.91559148491814,36.39517823840338,28.240423071892106,804.3237458662041,915,Butter,113.76016245978226
433.72760894407,15.149359846657967,14.4228541184093,515.559532251144,980,Butter,190.08474069345957
115.27705988830351,47.1808982397139,22.650475191600616,668.0535813610358,30,Egg,4.490657761145527
456.7609986171686,45.92255864037783,24.50532658575256,106.32628343225724,809,Milk,760.8654924117903
151.35066602082037,10.910723366520802,14.970900742593237,930.3607522790107,985,Butter,105.87290979194307
60.34370245346318,7.567462451806444,12.054676867330004,335.53511536231537,3,Egg,0.8940941983853342
457.8145612344665,16.229578993227776,11.798743153215774,783.4584361761673,618,Milk,78.88101926839644
166.5065835432772,7.941477090397336,17.189279841834608,130.25224016495437,20,Egg,15.354822285337702
457.8968540049849,11.266041700291783,18.31051705688043,469.9860423406359,519,Butter,110.42881133560128
454.9250055592726,5.982052854897027,21.594742154389728,967.0549907921953,655,Butter,67.73141199172498
227.0515309536162,42.254076889497775,24.692825388192716,661.9829018245553,165,Milk,24.925115066450733
490.7978781717906,11.523428257091766,23.12889318877787,272.0716313183101,305,Butter,112.10283061197416
188.91443451793785,47.61661944824254,29.18390444470688,264.71389981125446,161,Milk,60.820380083854964
374.0036178484009,23.809547024171795,7.22100612718911,715.3786950193382,289,Butter,40.39818378882359
197.0775233001659,15.233427313762052,15.099446908163706,588.2912230558807,7,Egg,1.189886866514594
296.9773955240264,32.58050723878772,10.653676289748518,862.2268552797038,842,Butter,97.65411444147813
71.14394412826539,34.888456152743785,10.402261329632687,187.80625921536978,16,Egg,8.519417865435331
342.9380602179294,29.544434123310747,6.5568276470471405,561.2523838932985,956,Milk,170.33335223779613
256.65794491863113,7.338045989942079,24.656954984600826,281.22740392237694,391,Milk,139.03339238871683
74.70595301484438,19.85967791921739,23.918787642215875,567.4472735535436,24,Egg,4.229467849885685
148.94440495921134,12.272891507864216,11.387333616390118,951.9741587796465,8,Egg,0.8403589452738244
387.8282781497062,30.109133245218793,18.81284036956813,184.73671911312812,899,Butter,486.6385006271953
108.60925484204199,40.92548847009477,14.29831669792162,506.52713730851445,27,Egg,5.330415294917338
92.03358738888302,24.84824712128527,9.890231826112876,268.0509661957373,8,Butter,2.984507056079106
136.63900488217362,33.55620878976367,24.947853990397352,456.37342539620937,16,Egg,3.5059008937931244
289.862990260763,12.10796702759066,22.39747795422006,813.935215394429,775,Butter,95.21642329045056
213.3953314853047,45.373385343407854,9.221355166942153,556.345993478897,220,Milk,39.543737634257795
55.00754026795718,21.366190614026312,23.31588086752082,838.339756704076,5,Egg,0.5964169013834496
326.8841112814109,8.755883824522249,27.06040921018347,823.2431818973816,814,Butter,98.87722338907462
485.2069768666267,23.799244067379487,29.602757975912446,701.1279989232644,269,Milk,38.36674621654083
124.67970288310325,44.68674912370898,15.68724219801538,246.0100652042314,795,Butter,323.1575095677532
133.9633525457574,28.732982995520434,22.983840559228963,901.2322477160219,30,Egg,3.328775693061196
379.1734206531631,13.4335374843912,26.4544263289291,837.1571624754905,434,Butter,51.842117520281775
369.6092593804902,19.145755093268676,16.779197473320366,839.4732079394245,876,Butter,104.35115638177832
103.66973979881627,27.239560126263495,25.70623131093046,401.68724263378544,26,Egg,6.472697472173385
66.94148126167603,8.923076052432403,22.97693618384639,478.1068550629525,2,Egg,0.41831652878866576
160.95069510901453,13.606718806156401,20.344435470392476,491.9549089583434,22,Egg,4.471954563190031
176.217132962714,26.207922532917404,29.477623450378864,670.7279244661631,20,Egg,2.9818349990300663
151.4266343113151,19.629680694426455,22.158179917152435,162.67703334616516,7,Egg,4.303004459827158
435.08176650760385,15.22308006605817,25.9260281310735,351.3484796089694,191,Butter,54.361982784889804
362.36775807942394,28.06946389152738,12.632766917418282,291.3799387339865,227,Milk,77.90515743338057
95.59196018610857,34.39232557390774,28.457620461212066,884.0840340367469,7,Egg,0.7917799361264164
168.2671014879948,34.92432065641979,11.507171439150074,916.4755276352469,27,Egg,2.946068845904402
302.198283941198,9.994526114606648,16.176388595160635,514.3224440817337,612,Milk,118.99150174024757
131.99723302816827,22.118024703668436,29.420008212766483,199.6485339936841,20,Egg,10.017604236769753
56.30370127571079,38.29568543451187,27.951913804978766,352.0335965954405,16,Egg,4.545020746524746
93.83273456928467,45.98465727397618,23.8490475899196,824.4160991572948,20,Egg,2.4259594178769297
194.4215535611039,37.700194643164544,12.618777384653333,846.4551983729623,28,Egg,3.307912817337644
442.7392278047576,10.066117568537166,22.592149436519893,586.6286289804193,936,Milk,159.55579965928362
86.28407423882584,5.558181632479165,16.719199136612644,371.1387346840003,11,Egg,2.9638512426803847
94.58567115629258,18.49636001781431,23.579829968290085,143.3285523805181,4,Egg,2.790790762597348
350.5121074518829,31.694970654832293,27.307562453491308,266.797161575843,695,Butter,260.4975239972449
175.72282753278867,17.838065226079237,15.729564834908922,340.99900793950076,14,Egg,4.105583791752218
308.0072055358481,34.647128156303175,11.307681245985163,298.2027712395836,684,Butter,229.37412591999595
160.63486236392401,28.635789088407208,5.8161419386417155,881.6963556882599,2,Egg,0.22683546178874497
53.77129374159091,36.250270525881895,7.055176592794542,919.6089214916257,14,Egg,1.5223862745145726
111.88569866765692,20.336706490543097,9.12061688366905,253.523720401381,533,Milk,210.23673806780275
250.36075052815468,40.49610187574118,20.990139029442048,708.783726104553,348,Milk,49.09819274669215
404.0376508194966,48.684479291365236,11.566891064966292,344.4118882759359,347,Butter,100.75145830099528
492.728140784947,17.103152562191198,15.174297740856597,902.3320140611561,722,Milk,80.01489349252613
55.96489474828543,32.18322546820487,27.684504117821174,314.9709943617349,10,Egg,3.174895523400258
117.56979524867275,26.283710574297956,20.56299239324363,522.7693866916154,16,Egg,3.0606229835410175
121.14326306468908,31.589034857196868,18.42518720878396,868.7223978854539,17,Egg,1.9568967073232464
424.9926821628556,42.97660756752758,12.122700538274021,516.5667595142656,757,Butter,146.5444661425402
82.77647515311955,22.855858118884242,6.109694304271361,350.039865503561,24,Egg,6.856361907657014
92.68434526443463,41.81930009367114,18.28998661511077,891.876409625044,23,Egg,2.57883264449942
54.45023345971097,35.393909339619015,6.121339200589216,505.5373170848206,14,Egg,2.7693306758699747
109.18641133964695,23.98226803424741,15.275526881638644,916.8499023008994,21,Egg,2.290451244778346
141.18578211360557,18.921772303825193,25.594759605532367,959.55446033649,26,Egg,2.709590864793906
50.234765778720934,33.63806165825332,6.278384536052518,331.8464983003497,23,Egg,6.930915383408089
140.56931794240816,35.89654610716731,7.862190951647628,445.45499474048154,4,Egg,0.8979582779917795
91.52815643296576,31.834468348716573,18.739591418053593,910.2891412668444,332,Butter,36.4719279786154
194.48649368917256,38.743284399640984,15.316883152084916,681.4865575045567,202,Butter,29.641083565855862
449.617578962053,31.94115810435938,17.55384024904967,224.9841937568653,713,Butter,316.9111518876393
73.1482347924619,12.733181659719254,20.94692731659085,766.8831252471207,29,Egg,3.781541025649121
423.057979645471,49.60684520301349,25.5003157279839,725.3941363083633,268,Butter,36.94543236369281
251.9838822536187,8.797657124504406,14.984218709867273,919.1211731039208,574,Milk,62.45096041706575
82.40770475175307,25.997350311374714,25.418080063963615,160.64609930697026,21,Egg,13.072212827198621
433.32855659327646,23.17540388765557,6.940366118286022,588.2809316790263,998,Butter,169.64683814441938
315.6284943289219,15.182559869640432,14.605990503434533,505.11102506373896,172,Butter,34.051919571206284
391.70796158867586,9.449312793828593,27.241300825439158,111.07873271446803,825,Milk,742.7164317049716
367.51363818972106,35.97822583214616,14.363822175503033,250.17418152887754,933,Butter,372.94016284902045
114.16736483685894,45.054366583271374,13.646936518446434,239.0137725009914,669,Milk,279.9001885957116
340.6200738289179,33.66060428546345,13.515104164532291,164.54069996288592,126,Butter,76.57679834133486
190.0478727785271,35.470428788075424,20.144481236317258,428.134355377786,628,Milk,146.6829260748889
254.3007295382517,35.97234061011066,8.513824189459019,537.0307296934579,376,Butter,70.0146154047133
289.3607179359185,11.110507117877171,7.4825550688423235,287.977663635166,363,Milk,126.05144281602288
122.01122140843732,6.050844334768366,23.90534034875442,512.6707079937016,542,Milk,105.72088312224358
455.0374323574163,10.226253209023653,28.89797072388298,382.57004563961755,87,Butter,22.740933586304436
321.3242944157577,42.20183118836694,29.600329080261606,359.5648940368711,431,Butter,119.867096912916
225.26685270608917,22.348035713161504,13.509677606362642,587.2668466128266,165,Butter,28.09625657427606
133.0567228037017,29.37671655845018,24.04754531512175,850.284965743827,19,Egg,2.234544977915592
186.0499622081722,16.67007037926925,9.865595917621798,151.8828239791224,942,Milk,620.2149626408618
171.61146145885246,48.48878236398833,18.942720656251097,412.5493351274568,604,Milk,146.40673213384156
112.63851560556299,24.981968714099132,20.655858035526595,540.0080486132063,435,Milk,80.55435490584311
199.07725833495473,44.614164296701716,20.585148953986003,612.4396250640544,26,Egg,4.245316425644517
140.59044852009498,22.781198446894336,5.986488322272483,527.991433738144,164,Milk,31.061109995457876
152.48738124644433,48.381298122448115,27.73636527343105,749.9289119103153,685,Butter,91.34199110354074
441.4861218414582,10.879355472055831,24.762744856872125,212.33873257016347,977,Milk,460.1138888672457
181.56358715272833,47.481894222142905,8.71989923512789,516.4080445588542,16,Egg,3.0983250878030244
314.92918495909396,21.889845856382085,12.144588888146755,282.9007819774786,216,Butter,76.35185682066992
223.94322807036255,28.0073957990338,17.308137000029546,619.5511263098181,691,Milk,111.53236119765403
197.11090153751442,23.341289385821764,25.687973052657576,788.0750151892458,4,Egg,0.5075658944776282
480.2212146253699,14.021353198778126,7.731605257740535,868.56577025988,849,Milk,97.74734730174484
177.04532813105908,45.18905923379367,6.561439840476786,895.1182866874547,27,Egg,3.0163611224968188
126.56487335063483,33.19666299919446,28.15956516825217,117.20448498678763,22,Egg,18.770612747865442
54.582418564007,44.24217523011534,18.180654520995006,669.2896989692451,21,Egg,3.1376547453728225
200.03329497159973,37.9873035436997,18.214452743054927,814.054612874813,163,Butter,20.023226626573578
140.29295783169255,49.75918887019991,7.24530385706935,102.08579311433247,579,Milk,567.1700070464658
101.26736071051425,33.48078488052954,6.725738522196241,105.09923307661055,8,Egg,7.611853831672127
173.28899539098944,41.413242701256394,27.110606887549427,730.0308454948939,8,Egg,1.0958441070495775
269.4325143502449,8.494220060222228,15.18857577581077,466.39584021306484,358,Milk,76.75883211918311
206.9692402862657,9.994914445609169,25.205880250230553,952.9192233680237,290,Milk,30.432799852123463
193.2672810937552,28.515946970153532,12.489141948846846,169.17586774854715,23,Egg,13.59531965527484
407.5319950208369,36.818891477001415,6.255650286599344,165.61165183111316,13,Butter,7.849689231562699
145.00061202476127,43.85303450856508,15.032650605492805,363.2635819636676,632,Milk,173.97835383983264
169.77560563199185,5.991211455071765,19.58143731140289,858.0076717095532,913,Butter,106.40930496354146
82.89109428858136,6.515113019624272,10.365701831470071,474.5092852639831,25,Egg,5.268600800106953
